{"nm":"Loading 01","ddd":0,"h":1080,"w":1080,"meta":{"g":"@lottiefiles/toolkit-js 0.63.0","tc":"#ffffff"},"layers":[{"ty":4,"nm":"Memphis Abstract Geometric 01","sr":1,"st":0,"op":91,"ip":0,"ln":"13","hasMask":false,"ao":0,"ks":{"a":{"a":0,"k":[0,0]},"s":{"a":0,"k":[175,175,87.5]},"p":{"a":0,"k":[540,540]},"r":{"a":0,"k":0},"o":{"a":0,"k":100}},"shapes":[{"ty":"gr","nm":"Group 1","it":[{"ty":"gr","nm":"Group 3","it":[{"ty":"sh","nm":"Path 1","d":1,"ks":{"a":0,"k":{"c":true,"i":[[-52.722,-52.722],[52.722,-52.722],[-52.721,-52.721],[52.722,-52.722],[52.722,52.722],[-52.722,52.722],[52.721,52.721],[-52.722,52.722]],"o":[[52.721,52.722],[-52.721,52.721],[52.722,52.722],[-52.722,52.722],[-52.721,-52.722],[52.721,-52.721],[-52.722,-52.722],[52.722,-52.722]],"v":[[95.46,-286.378],[95.459,-95.459],[95.459,95.459],[95.459,286.378],[-95.46,286.378],[-95.459,95.459],[-95.459,-95.459],[-95.459,-286.378]]}}},{"ty":"fl","nm":"Fill 1","c":{"a":0,"k":[0,0.7765,1,1]},"r":1,"o":{"a":0,"k":100}},{"ty":"tr","a":{"a":0,"k":[0,0]},"s":{"a":0,"k":[95,95]},"p":{"a":0,"k":[-382,0]},"r":{"a":1,"k":[{"o":{"x":0.167,"y":0.167},"i":{"x":0.833,"y":0.833},"s":[90],"t":0},{"s":[-90],"t":89.999}]},"o":{"a":0,"k":100}}]},{"ty":"gr","nm":"Group 2","it":[{"ty":"sh","nm":"Path 1","d":1,"ks":{"a":0,"k":{"c":true,"i":[[-52.722,-52.722],[52.722,-52.722],[-52.721,-52.721],[52.722,-52.722],[52.722,52.722],[-52.722,52.722],[52.721,52.721],[-52.722,52.722]],"o":[[52.721,52.722],[-52.721,52.721],[52.722,52.722],[-52.722,52.722],[-52.721,-52.722],[52.721,-52.721],[-52.722,-52.722],[52.722,-52.722]],"v":[[95.46,-286.378],[95.459,-95.459],[95.459,95.459],[95.459,286.378],[-95.46,286.378],[-95.459,95.459],[-95.459,-95.459],[-95.459,-286.378]]}}},{"ty":"fl","nm":"Fill 1","c":{"a":0,"k":[0.3137,0.7569,0.3294,1]},"r":1,"o":{"a":0,"k":100}},{"ty":"tr","a":{"a":0,"k":[0,0]},"s":{"a":0,"k":[95,95]},"p":{"a":0,"k":[382,0]},"r":{"a":1,"k":[{"o":{"x":0.167,"y":0.167},"i":{"x":0.833,"y":0.833},"s":[90],"t":0},{"s":[-90],"t":89.999}]},"o":{"a":0,"k":100}}]},{"ty":"gr","nm":"Group 1","it":[{"ty":"sh","nm":"Path 1","d":1,"ks":{"a":0,"k":{"c":true,"i":[[-52.722,-52.722],[52.722,-52.722],[-52.721,-52.721],[52.722,-52.722],[52.722,52.722],[-52.722,52.722],[52.721,52.721],[-52.722,52.722]],"o":[[52.721,52.722],[-52.721,52.721],[52.722,52.722],[-52.722,52.722],[-52.721,-52.722],[52.721,-52.721],[-52.722,-52.722],[52.722,-52.722]],"v":[[95.46,-286.378],[95.459,-95.459],[95.459,95.459],[95.459,286.378],[-95.46,286.378],[-95.459,95.459],[-95.459,-95.459],[-95.459,-286.378]]}}},{"ty":"fl","nm":"Fill 1","c":{"a":0,"k":[0.9725,0.8824,0.3216,1]},"r":1,"o":{"a":0,"k":100}},{"ty":"tr","a":{"a":0,"k":[0,0]},"s":{"a":0,"k":[95,95]},"p":{"a":0,"k":[0,0]},"r":{"a":1,"k":[{"o":{"x":0.167,"y":0.167},"i":{"x":0.833,"y":0.833},"s":[0],"t":0},{"s":[180],"t":89.999}]},"o":{"a":0,"k":100}}]},{"ty":"tr","a":{"a":0,"k":[0,0]},"s":{"a":0,"k":[50,50]},"p":{"a":0,"k":[0,0]},"r":{"a":0,"k":-45},"o":{"a":0,"k":100}}]},{"ty":"st","nm":"Stroke 1","lc":1,"lj":1,"ml":4,"o":{"a":0,"k":100},"w":{"a":0,"k":20},"c":{"a":0,"k":[0.15,0.15,0.15,1]}}],"ind":1}],"v":"5.7.0","fr":30,"op":91,"ip":0,"assets":[]}